group,keyword
debit card,novatech debit card
debit card,novatechfx debit card
debit card,nova debit card
debit card,novo debit card not working
debit card,mastercard debit card activation
debit card,nbt bank debit card replacement
debit card,mastercard debit card contactless
debit card,mastercard debit card expiration date
debit card,nbt bank debit card expired
debit card,first tech debit card foreign transaction fee
debit card,first tech debit card limit
debit card,first tech debit card daily limit
debit card,gte debit card replacement
debit card,gte debit card
debit card,keybank debit card not working
debit card,kinecta debit card replacement
debit card,mastercard debit card lost
debit card,bank of america debit card not working online
debit card,mastercard debit card prepaid
debit card,mastercard debit card pin
debit card,mastercard debit card pin number
debit card,turbotax debit card not working
debit card,bank of america debit card tap to pay
debit card,mastercard debit card verification
debit card,new debit card won't work
debit card,new debit card won't activate
debit card,novo bank debit card
debit card,mastercard debit card zip code
novatec group,novatec group central europe s.r.o
novatec group,novatec group chomutov
novatec group,novatec group canicatti
novatec group,novatec group central europe
novatec group,novatec group colinas de león
novatec group,novatec group kft
novatec group,novatec group leon
novatec group,novatec group maroc
novatec group,novatec group mexico
novatec group,novatec group naquera
novatec group,novatec group spain
novatec group,novatec group srl
novatec group,novatec group tanger
novatec group,novatec group vacantes
novatec group,novatec group valencia
nova tech,nova tech global limited
nova tech,nova tech crypto investment
nova tech,nova tech advisory
nova tech,nova tech us customer service
nova tech,nova tech engineering jobs
nova tech,nova tech engineering llc
nova tech,nova tech engineering lynnwood wa
nova tech,nova tech engineering willmar mn
nova tech,nova tech engineering
nova tech,nova tech engineering usa
nova tech,nova tech electrical & security pty ltd
nova tech,nova tech for good
nova tech,nova tech wifi booster review
nova tech,nova tech digital company
mastercard debit,mastercard debit card activation
mastercard debit,mastercard debit activation phone number
mastercard debit,mastercard debit card contactless
mastercard debit,mastercard debit not working
mastercard debit,mastercard debit card expiration date
mastercard debit,mastercard debit gift card not working online
mastercard debit,mastercard debit card lost
mastercard debit,mastercard debit card prepaid
mastercard debit,mastercard debit card pin
mastercard debit,mastercard debit card pin number
mastercard debit,mastercard debit card verification
mastercard debit,mastercard debit card zip code
novavax earnings,novavax earnings call
novavax earnings,novavax earnings call date
novavax earnings,novavax earnings date 2021
novavax earnings,novavax earnings 2021
novavax earnings,novavax earnings forecast
novavax earnings,novavax earnings news
novavax earnings,novavax earnings outlook
novavax earnings,novavax earnings results
novavax earnings,novavax earnings report date
novavax earnings,novavax earnings release date
novavax earnings,novavax earnings today
novavax earnings,novavax earnings whisper
phone number,novatech phone number
phone number,novatechfx phone number
phone number,novatech ltd phone number
phone number,novatech crypto phone number
phone number,novatec phone number
phone number,novatech customer service phone number
phone number,novatech doors phone number
phone number,mastercard debit activation phone number
phone number,novatech fx phone number
mastercard debit card,mastercard debit card activation
mastercard debit card,mastercard debit card contactless
mastercard debit card,mastercard debit card expiration date
mastercard debit card,mastercard debit card lost
mastercard debit card,mastercard debit card prepaid
mastercard debit card,mastercard debit card pin
mastercard debit card,mastercard debit card pin number
mastercard debit card,mastercard debit card verification
mastercard debit card,mastercard debit card zip code
customer service,novatech customer service
customer service,novatechfx customer service number
customer service,novatech customer service phone number
customer service,novatec customer service
customer service,novatech doors customer service
customer service,nova tech us customer service
customer service,novatech customer service number
customer service,novatime customer service number
nova enrollment,nova enrollment verification
nova enrollment,nova enrollment and student services
nova enrollment,nova enrollment deadline
nova enrollment,nova enrollment dates
nova enrollment,nova enrollment help
nova enrollment,nova enrollment
nova enrollment,nova enrollment services
compound interest,novatech compound interest
compound interest,novatech compound interest calculator
compound interest,where can you compound interest
compound interest,what is the best compound interest
compound interest,compound interest n formula
compound interest,novatechfx compound interest
compensation plan,novatech compensation plan
compensation plan,novatechfx compensation plan
compensation plan,novatech compensation plan pdf
compensation plan,novae money compensation plan
compensation plan,bonus compensation plan templates
compensation plan,novatech fx compensation plan
patio doors,novatech patio doors
patio doors,novatech patio doors with blinds
patio doors,novatech patio doors inc
patio doors,novatech patio doors ontario inc
patio doors,novatech patio doors reviews
patio doors,novatech patio doors warranty
novatechfx login,novatechfx login
novatechfx login,novatechfx com login
novatechfx login,novatechfx login my account
novatechfx login,novatechfx.com login page
novatechfx login,www.novatechfx.com login
novatechfx login,novatechfx.com login
http //www,http://www.novatechfx.io
http //www,http://www.novatech.com
http //www,http://www.novatech.com.tw
http //www,http://www.novatech.com.ar
http //www,http://www.novatech.com.pl
http //www,http://www.novatech-usa.com
novo bank,bbb novo bank
novo bank,novo bank jobs
novo bank,novo bank quickbooks
novo bank,novo bank vs
novo bank,novo bank zelle
novo bank,novo bank debit card
nova-tech engineering,nova-tech engineering llc
nova-tech engineering,nova-tech engineering inc
nova-tech engineering,nova-tech engineering linkedin
nova-tech engineering,nova-tech engineering minnesota
nova-tech engineering,nova-tech engineering willmar mn
nova-tech engineering,nova-tech engineering zoominfo
tech engineering,nova tech engineering jobs
tech engineering,nova tech engineering llc
tech engineering,nova tech engineering lynnwood wa
tech engineering,nova tech engineering willmar mn
tech engineering,nova tech engineering
tech engineering,nova tech engineering usa
nova tech engineering,nova tech engineering jobs
nova tech engineering,nova tech engineering llc
nova tech engineering,nova tech engineering lynnwood wa
nova tech engineering,nova tech engineering willmar mn
nova tech engineering,nova tech engineering
nova tech engineering,nova tech engineering usa
back office,novatech back office
back office,novatechfx back office
back office,novatech back office login
back office,novatech my back office
back office,novatech ltd - my back office - forex & crypto trading platform
hedge fund,novatech hedge fund
hedge fund,novatechfx hedge fund
hedge fund,novatech ltd hedge fund
hedge fund,novatech crypto hedge fund
hedge fund,novatech fx hedge fund
nova bank,nova bank charlotte nc
nova bank,nova bank huntsville al
nova bank,nova bank near me
nova bank,nova bank online
nova bank,nova bank ppp
nova southeastern,nova southeastern university job opportunities
nova southeastern,nova southeastern enrollment
nova southeastern,nova southeastern university enrollment and student services
nova southeastern,nova southeastern university enrollment
nova southeastern,nova southeastern university florida prepaid
debit card work,debit cards that work
debit card work,novo debit card not working
debit card work,keybank debit card not working
debit card work,bank of america debit card not working online
debit card work,turbotax debit card not working
card working,novo debit card not working
card working,mastercard debit gift card not working online
card working,keybank debit card not working
card working,bank of america debit card not working online
card working,turbotax debit card not working
nova energy,nova energy and automation
nova energy,nova energy vs contact energy
nova energy,nova energy hours
nova energy,nova energy inc
nova energy,nova energy price per kwh
nova group,nova group gbc glassdoor
nova group,nova group gbc
nova group,nova group glassdoor
nova group,nova group jobs
nova group,novatech nova group
jobs openings,novatech job openings
jobs openings,nbt bank job openings
jobs openings,novavax job openings
jobs openings,florida tech job openings
novatek zambia,novatek zambia
novatek zambia,novatek zambia feed prices 2022
novatek zambia,novatek zambia jobs
novatek zambia,novatek zambia contact details
novatec engineering,novatec engineering ltd
novatec engineering,novatec engineering italy
novatec engineering,novatec engineering orsenigo
novatec engineering,novatec engineering srl
nova app,nova app mac
nova app,nova app on firestick
nova app,nova app review
nova app,nova app vs vscode
wifi booster,novatech wifi booster
wifi booster,novatech wifi booster review
wifi booster,novatech wifi booster amazon
wifi booster,nova tech wifi booster review
nova engineering,nova engineering atlanta ga
nova engineering,nova engineering classes
nova engineering,nova engineering fort lauderdale
nova engineering,nova engineering fort myers
southeastern university,nova southeastern university job opportunities
southeastern university,nova southeastern university enrollment and student services
southeastern university,nova southeastern university enrollment
southeastern university,nova southeastern university florida prepaid
nova southeastern university,nova southeastern university job opportunities
nova southeastern university,nova southeastern university enrollment and student services
nova southeastern university,nova southeastern university enrollment
nova southeastern university,nova southeastern university florida prepaid
vitamin d3,nordic naturals baby's vitamin d3 review
vitamin d3,is vitamin d or d3 better
vitamin d3,vitamin d3 vs d6
vitamin d3,is vitamin d3 good for lack of sun
power station,novatech power station 500w
power station,novatech power station 600w
power station,novatech power station v2
power station,novatech power station 750w black edition
novatechfx reviews,novatechfx review
novatechfx reviews,novatechfx review trustpilot
novatechfx reviews,novatechfx review reddit
advisors llc,novatech advisors llc florida
advisors llc,novatech advisors llc
advisors llc,novatech advisors llc florida llc
fx scam,novatech fx scam
fx scam,novatech fx a scam
fx scam,is novatech fx a scam
novatec hubs,novatec hubs
novatec hubs,novatec hubs review
novatec hubs,novatec hubs reviews
novatec qr,novatec qr end caps
novatec qr,novatec qr hub
novatec qr,novatec qr to thru axle
referral bonus,novatech referral bonus
referral bonus,novatechfx referral bonus
referral bonus,novatechfx direct referral bonus
stock price,novatech stock price
stock price,novatec stock price
stock price,nova innovation stock price
trading reviews,novatech trading reviews
trading reviews,novatech trading reviews south africa facebook
trading reviews,novatech forex trading reviews
novatec xd,novatec xd driver
novatec xd,novatec xd freehub
novatec xd,novatec xd driver conversion
xd drivers,novatec xd driver
xd drivers,novatec hub xd driver
xd drivers,novatec xd driver conversion
service number,novatechfx customer service number
service number,novatech customer service number
service number,novatime customer service number
customer services number,novatechfx customer service number
customer services number,novatech customer service number
customer services number,novatime customer service number
customer reviews,novatechfx customer reviews
customer reviews,novatech customer reviews
customer reviews,novatech fx customer reviews
email address,novatechfx email address
email address,novatech software pvt ltd email address
email address,novatech email address
novatechfx withdrawal,novatechfx withdrawal fees
novatechfx withdrawal,novatechfx withdrawal
novatechfx withdrawal,novatechfx withdrawal issues
novatechfx io,novatechfx io
novatechfx io,novatechfx.io
novatechfx io,http://www.novatechfx.io
login account,novatechfx login my account
login account,novatech login account
login account,novatech login account login kenya
novatechfx website,novatechfx website not working
novatechfx website,novatechfx website
novatechfx website,novatechfx website down
projects india,novatech projects india pvt ltd ambernath
projects india,novatech projects india pvt ltd kolkata
projects india,novatech projects india pvt ltd zauba
india pvt,novatech projects india pvt ltd ambernath
india pvt,novatech projects india pvt ltd kolkata
india pvt,novatech projects india pvt ltd zauba
project india pvt,novatech projects india pvt ltd ambernath
project india pvt,novatech projects india pvt ltd kolkata
project india pvt,novatech projects india pvt ltd zauba
stock buy,novatech stock where to buy
stock buy,is novo nordisk a good stock to buy
stock buy,is nvda stock a buy or sell
pyramid scheme,novatech crypto pyramid scheme
pyramid scheme,novatech pyramid scheme
pyramid scheme,is novatech fx a pyramid scheme
nova launcher,nova launcher app switcher
nova launcher,nova launcher app badges
nova launcher,nova launcher quick settings
lenexa ks,novatech automation lenexa ks
lenexa ks,novatech llc lenexa ks
lenexa ks,novatech lenexa ks
atlanta ga,novatech atlanta ga
atlanta ga,nova atlanta ga
atlanta ga,nova engineering atlanta ga
alpharetta tech,alpharetta tech companies
alpharetta tech,alpharetta tech
alpharetta tech,alpharetta tech village
forex trading,novatech forex trading
forex trading,novatech forex trading reviews
forex trading,no fee forex trading
nbt bank,nbt bank job openings
nbt bank,nbt bank debit card replacement
nbt bank,nbt bank debit card expired
fx login,novatech fx.com login
fx login,novatech fx login
fx login,novatech fx com login
energy star,are novatech doors energy star rated
energy star,novatech energy star
energy star,porte novatech energy star
bank debit,nbt bank debit card replacement
bank debit,nbt bank debit card expired
bank debit,novo bank debit card
card replacement,nbt bank debit card replacement
card replacement,gte debit card replacement
card replacement,kinecta debit card replacement
bank debit card,nbt bank debit card replacement
bank debit card,nbt bank debit card expired
bank debit card,novo bank debit card
debit card replacement,nbt bank debit card replacement
debit card replacement,gte debit card replacement
debit card replacement,kinecta debit card replacement
tech debit,first tech debit card foreign transaction fee
tech debit,first tech debit card limit
tech debit,first tech debit card daily limit
tech debit card,first tech debit card foreign transaction fee
tech debit card,first tech debit card limit
tech debit card,first tech debit card daily limit
engineering llc,nova-tech engineering llc
engineering llc,nova tech engineering llc
engineering llc,novatech engineering llc
willmar mn,nova tech engineering willmar mn
willmar mn,nova-tech engineering willmar mn
willmar mn,novatech willmar mn
earnings dates,nova earnings date
earnings dates,novavax earnings date 2021
earnings dates,gtec earnings date
fx legit,novatech fx legit
fx legit,is novatech fx legit
fx legit,is novatech fx legit reddit
nova florida,nova florida dental school
nova florida,nova florida optometry school
nova florida,nova florida pa program